postcode,name,id,typeOf,containedInPlace
N001,Snuff Gyldenia Street,_:fictional/place/snuff-gyldenia-street,_:typeof/fictional-place,_:fictional/place/cy-clxx-ward
N002,Smouldering Oskar Street,_:fictional/place/smouldering-oskar-street,_:typeof/fictional-place,_:fictional/place/cy-clxx-ward
N003,Left-footed Unitas Street,_:fictional/place/left-footed-unitas-street,_:typeof/fictional-place,_:fictional/place/cy-clxx-ward
N004,Stolen Hormuthia Street,_:fictional/place/stolen-hormuthia-street,_:typeof/fictional-place,_:fictional/place/cy-clxx-ward
N005,Leery Sabine Street,_:fictional/place/leery-sabine-street,_:typeof/fictional-place,_:fictional/place/cy-clxx-ward
N006,Permissible Bettina Street,_:fictional/place/permissible-bettina-street,_:typeof/fictional-place,_:fictional/place/cy-clxx-ward
N007,Extraordinary Roma Street,_:fictional/place/extraordinary-roma-street,_:typeof/fictional-place,_:fictional/place/cy-clxx-ward
N008,Engrossing Malzovia Street,_:fictional/place/engrossing-malzovia-street,_:typeof/fictional-place,_:fictional/place/cy-clxx-ward
N009,Guaranteed Ceraskia Street,_:fictional/place/guaranteed-ceraskia-street,_:typeof/fictional-place,_:fictional/place/cy-clxx-ward
N010,Negative Venusia Street,_:fictional/place/negative-venusia-street,_:typeof/fictional-place,_:fictional/place/cy-clxx-ward
N011,Migrating Charybdis Street,_:fictional/place/migrating-charybdis-street,_:typeof/fictional-place,_:fictional/place/cy-clxx-ward
N012,Trapped Ate Street,_:fictional/place/trapped-ate-street,_:typeof/fictional-place,_:fictional/place/cy-clxx-ward
N013,Engraved Ceres Street,_:fictional/place/engraved-ceres-street,_:typeof/fictional-place,_:fictional/place/cy-clxx-ward
N014,Traveled Amphitrite Street,_:fictional/place/traveled-amphitrite-street,_:typeof/fictional-place,_:fictional/place/cy-clxx-ward
N015,Pernicious Merxia Street,_:fictional/place/pernicious-merxia-street,_:typeof/fictional-place,_:fictional/place/cy-clxx-ward
N016,Groaning Simeisa Street,_:fictional/place/groaning-simeisa-street,_:typeof/fictional-place,_:fictional/place/cy-clxx-ward
N017,Perpetuate Paulina Street,_:fictional/place/perpetuate-paulina-street,_:typeof/fictional-place,_:fictional/place/cy-clxx-ward
N018,Smothered Urhixidur Street,_:fictional/place/smothered-urhixidur-street,_:typeof/fictional-place,_:fictional/place/cy-clxx-ward
N019,Preparatory Moira Street,_:fictional/place/preparatory-moira-street,_:typeof/fictional-place,_:fictional/place/cy-clxx-ward
N020,Encrusted Klotilde Street,_:fictional/place/encrusted-klotilde-street,_:typeof/fictional-place,_:fictional/place/cy-clxx-ward
N021,Encased Elvira Street,_:fictional/place/encased-elvira-street,_:typeof/fictional-place,_:fictional/place/cy-clxx-ward
N022,Proportionate Ekard Street,_:fictional/place/proportionate-ekard-street,_:typeof/fictional-place,_:fictional/place/cy-clxx-ward
N023,Pronged Zerbinetta Street,_:fictional/place/pronged-zerbinetta-street,_:typeof/fictional-place,_:fictional/place/cy-clxx-ward
N024,Promulgated Bella Street,_:fictional/place/promulgated-bella-street,_:typeof/fictional-place,_:fictional/place/cy-clxx-ward
N025,Protracted Hippodamia Street,_:fictional/place/protracted-hippodamia-street,_:typeof/fictional-place,_:fictional/place/cy-clxx-ward
N026,Promising Lehigh Street,_:fictional/place/promising-lehigh-street,_:typeof/fictional-place,_:fictional/place/cy-clxx-ward
N027,Prolific Leonora Street,_:fictional/place/prolific-leonora-street,_:typeof/fictional-place,_:fictional/place/cy-clxx-ward
N028,Pulled Wratislavia Street,_:fictional/place/pulled-wratislavia-street,_:typeof/fictional-place,_:fictional/place/cy-clxx-ward
N029,Progressive Zita Street,_:fictional/place/progressive-zita-street,_:typeof/fictional-place,_:fictional/place/cy-clxx-ward
N030,Programmed Galilea Street,_:fictional/place/programmed-galilea-street,_:typeof/fictional-place,_:fictional/place/cy-clxx-ward
N031,Pulsed Melanie Street,_:fictional/place/pulsed-melanie-street,_:typeof/fictional-place,_:fictional/place/cy-clxx-ward
N032,Professional Tinette Street,_:fictional/place/professional-tinette-street,_:typeof/fictional-place,_:fictional/place/cy-clxx-ward
N033,Prodigious Ernestina Street,_:fictional/place/prodigious-ernestina-street,_:typeof/fictional-place,_:fictional/place/cy-clxx-ward
N034,Process Gersuind Street,_:fictional/place/process-gersuind-street,_:typeof/fictional-place,_:fictional/place/cy-clxx-ward
N035,Purgatory Hermia Street,_:fictional/place/purgatory-hermia-street,_:typeof/fictional-place,_:fictional/place/cy-clxx-ward
N036,Procedural Hildburg Street,_:fictional/place/procedural-hildburg-street,_:typeof/fictional-place,_:fictional/place/cy-clxx-ward
N037,Problem Hela Street,_:fictional/place/problem-hela-street,_:typeof/fictional-place,_:fictional/place/cy-clxx-ward
N038,Quick Lanzia Street,_:fictional/place/quick-lanzia-street,_:typeof/fictional-place,_:fictional/place/cy-clxx-ward
N039,Private Hagar Street,_:fictional/place/private-hagar-street,_:typeof/fictional-place,_:fictional/place/cy-clxx-ward
N040,Printed Auravictrix Street,_:fictional/place/printed-auravictrix-street,_:typeof/fictional-place,_:fictional/place/cy-clxx-ward
N041,Rapid-fire Gorgo Street,_:fictional/place/rapid-fire-gorgo-street,_:typeof/fictional-place,_:fictional/place/cy-clxx-ward
N042,Primetime Genoveva Street,_:fictional/place/primetime-genoveva-street,_:typeof/fictional-place,_:fictional/place/cy-clxx-ward
N043,Primer Oriola Street,_:fictional/place/primer-oriola-street,_:typeof/fictional-place,_:fictional/place/cy-clxx-ward
N044,Raunchy Pax Street,_:fictional/place/raunchy-pax-street,_:typeof/fictional-place,_:fictional/place/cy-clxx-ward
N045,Primal Fredegundis Street,_:fictional/place/primal-fredegundis-street,_:typeof/fictional-place,_:fictional/place/cy-clxx-ward
N046,Pricier Alauda Street,_:fictional/place/pricier-alauda-street,_:typeof/fictional-place,_:fictional/place/cy-clxx-ward
N047,Priced Aaltje Street,_:fictional/place/priced-aaltje-street,_:typeof/fictional-place,_:fictional/place/cy-clxx-ward
N048,Razed Melitta Street,_:fictional/place/razed-melitta-street,_:typeof/fictional-place,_:fictional/place/cy-clxx-ward
N049,Prewar Ludmilla Street,_:fictional/place/prewar-ludmilla-street,_:typeof/fictional-place,_:fictional/place/cy-clxx-ward
N050,Presumed Noemi Street,_:fictional/place/presumed-noemi-street,_:typeof/fictional-place,_:fictional/place/cy-clxx-ward
N051,Reactive Rachele Street,_:fictional/place/reactive-rachele-street,_:typeof/fictional-place,_:fictional/place/cy-clxx-ward
N052,Pressurized Edda Street,_:fictional/place/pressurized-edda-street,_:typeof/fictional-place,_:fictional/place/cy-clxx-ward
N053,Pressed Interamnia Street,_:fictional/place/pressed-interamnia-street,_:typeof/fictional-place,_:fictional/place/cy-clxx-ward
N054,Readable Astarte Street,_:fictional/place/readable-astarte-street,_:typeof/fictional-place,_:fictional/place/cy-clxx-ward
N055,Presidential Carnegia Street,_:fictional/place/presidential-carnegia-street,_:typeof/fictional-place,_:fictional/place/cy-clxx-ward
N056,Preserved Erminia Street,_:fictional/place/preserved-erminia-street,_:typeof/fictional-place,_:fictional/place/cy-clxx-ward
N057,Prescient Tirza Street,_:fictional/place/prescient-tirza-street,_:typeof/fictional-place,_:fictional/place/cy-clxx-ward
N058,Elective Mellena Street,_:fictional/place/elective-mellena-street,_:typeof/fictional-place,_:fictional/place/cy-clxx-ward
N059,Scheming Ursula Street,_:fictional/place/scheming-ursula-street,_:typeof/fictional-place,_:fictional/place/cy-clxx-ward
N060,Electoral Juliana Street,_:fictional/place/electoral-juliana-street,_:typeof/fictional-place,_:fictional/place/cy-clxx-ward
N061,Intuitive Manto Street,_:fictional/place/intuitive-manto-street,_:typeof/fictional-place,_:fictional/place/cy-clxx-ward
N062,Gleaming Sphinx Street,_:fictional/place/gleaming-sphinx-street,_:typeof/fictional-place,_:fictional/place/cy-clxx-ward
N063,Tangible Agnes Street,_:fictional/place/tangible-agnes-street,_:typeof/fictional-place,_:fictional/place/cy-clxx-ward
N064,Newest Hypsipyle Street,_:fictional/place/newest-hypsipyle-street,_:typeof/fictional-place,_:fictional/place/cy-clxx-ward
N065,Pervasive Ginevra Avenue,_:fictional/place/pervasive-ginevra-avenue,_:typeof/fictional-place,_:fictional/place/cy-clxx-ward
N066,Simplest Helio Street,_:fictional/place/simplest-helio-street,_:typeof/fictional-place,_:fictional/place/cy-clxx-ward
N067,Tanked Brambilla Street,_:fictional/place/tanked-brambilla-street,_:typeof/fictional-place,_:fictional/place/cy-clxx-ward
N068,Sceptical Dora Street,_:fictional/place/sceptical-dora-street,_:typeof/fictional-place,_:fictional/place/cy-clxx-ward
N069,Perceptual Mancunia Street,_:fictional/place/perceptual-mancunia-street,_:typeof/fictional-place,_:fictional/place/cy-clxx-ward
N070,Economical Tauris Street,_:fictional/place/economical-tauris-street,_:typeof/fictional-place,_:fictional/place/cy-clxx-ward
N071,Intersecting Erika Street,_:fictional/place/intersecting-erika-street,_:typeof/fictional-place,_:fictional/place/cy-clxx-ward
N072,Outdone Lysistrata Street,_:fictional/place/outdone-lysistrata-street,_:typeof/fictional-place,_:fictional/place/cy-clxx-ward
N073,Bolder Hel Street,_:fictional/place/bolder-hel-street,_:typeof/fictional-place,_:fictional/place/cy-clxx-ward
N074,Tarry Lilliana Street,_:fictional/place/tarry-lilliana-street,_:typeof/fictional-place,_:fictional/place/cy-clxx-ward
N075,Ginger Valda Street,_:fictional/place/ginger-valda-street,_:typeof/fictional-place,_:fictional/place/cy-clxx-ward
N076,Specific Ocllo Street,_:fictional/place/specific-ocllo-street,_:typeof/fictional-place,_:fictional/place/cy-clxx-ward
N077,Tallest Aeria Street,_:fictional/place/tallest-aeria-street,_:typeof/fictional-place,_:fictional/place/cy-clxx-ward
N078,Twisted Fatme Street,_:fictional/place/twisted-fatme-street,_:typeof/fictional-place,_:fictional/place/cy-clxx-ward
N079,Pensive Selene Street,_:fictional/place/pensive-selene-street,_:typeof/fictional-place,_:fictional/place/cy-clxx-ward
N080,Nail-biting Ute Street,_:fictional/place/nail-biting-ute-street,_:typeof/fictional-place,_:fictional/place/cy-clxx-ward
N081,Opposing Nora Street,_:fictional/place/opposing-nora-street,_:typeof/fictional-place,_:fictional/place/cy-clxx-ward
N082,Utter Aethra Street,_:fictional/place/utter-aethra-street,_:typeof/fictional-place,_:fictional/place/cy-clxx-ward
N083,Trusting Prudentia Street,_:fictional/place/trusting-prudentia-street,_:typeof/fictional-place,_:fictional/place/cy-clxx-ward
N084,Shoestring Erda Street,_:fictional/place/shoestring-erda-street,_:typeof/fictional-place,_:fictional/place/cy-clxx-ward
N085,Open-ended Zelima Street,_:fictional/place/open-ended-zelima-street,_:typeof/fictional-place,_:fictional/place/cy-clxx-ward
N086,Sparing Leopoldina Street,_:fictional/place/sparing-leopoldina-street,_:typeof/fictional-place,_:fictional/place/cy-clxx-ward
N087,Dulled Hildegard Street,_:fictional/place/dulled-hildegard-street,_:typeof/fictional-place,_:fictional/place/cy-clxx-ward
N088,Metering Aletheia Street,_:fictional/place/metering-aletheia-street,_:typeof/fictional-place,_:fictional/place/cy-clxx-ward
N089,Trying Seeligeria Street,_:fictional/place/trying-seeligeria-street,_:typeof/fictional-place,_:fictional/place/cy-clxx-ward
N090,Hand-held Kilia Street,_:fictional/place/hand-held-kilia-street,_:typeof/fictional-place,_:fictional/place/cy-clxx-ward
N091,Saute Rhea Street,_:fictional/place/saute-rhea-street,_:typeof/fictional-place,_:fictional/place/cy-clxx-ward
N092,Trunk Tyche Street,_:fictional/place/trunk-tyche-street,_:typeof/fictional-place,_:fictional/place/cy-clxx-ward
N093,Onward California Street,_:fictional/place/onward-california-street,_:typeof/fictional-place,_:fictional/place/cy-clxx-ward
N094,Dried Eduarda Street,_:fictional/place/dried-eduarda-street,_:typeof/fictional-place,_:fictional/place/cy-clxx-ward
N095,Peevish Amicitia Street,_:fictional/place/peevish-amicitia-street,_:typeof/fictional-place,_:fictional/place/cy-clxx-ward
N096,Shivering Jokaste Street,_:fictional/place/shivering-jokaste-street,_:typeof/fictional-place,_:fictional/place/cy-clxx-ward
N097,Onstage Pyrrha Street,_:fictional/place/onstage-pyrrha-street,_:typeof/fictional-place,_:fictional/place/cy-clxx-ward
N098,Spanking Gunhild Street,_:fictional/place/spanking-gunhild-street,_:typeof/fictional-place,_:fictional/place/cy-clxx-ward
N099,Prank Tiflis Street,_:fictional/place/prank-tiflis-street,_:typeof/fictional-place,_:fictional/place/cy-clxx-ward
N100,Peacekeeping Franzia Street,_:fictional/place/peacekeeping-franzia-street,_:typeof/fictional-place,_:fictional/place/cy-clxx-ward
N101,Insincere Budrosa Street,_:fictional/place/insincere-budrosa-street,_:typeof/fictional-place,_:fictional/place/cy-clxx-ward
N102,Fuming Waltraut Street,_:fictional/place/fuming-waltraut-street,_:typeof/fictional-place,_:fictional/place/cy-clxx-ward
N103,Memorable Corduba Street,_:fictional/place/memorable-corduba-street,_:typeof/fictional-place,_:fictional/place/cy-clxx-ward
N104,Homesick Oppavia Street,_:fictional/place/homesick-oppavia-street,_:typeof/fictional-place,_:fictional/place/cy-clxx-ward
N105,Memorial Rosalinde Street,_:fictional/place/memorial-rosalinde-street,_:typeof/fictional-place,_:fictional/place/cy-clxx-ward
N106,Short Vincentina Street,_:fictional/place/short-vincentina-street,_:typeof/fictional-place,_:fictional/place/cy-clxx-ward
N107,Sanctioned Ursina Street,_:fictional/place/sanctioned-ursina-street,_:typeof/fictional-place,_:fictional/place/cy-clxx-ward
N108,Insensible Claudia Street,_:fictional/place/insensible-claudia-street,_:typeof/fictional-place,_:fictional/place/cy-clxx-ward
N109,Frugal Theobalda Street,_:fictional/place/frugal-theobalda-street,_:typeof/fictional-place,_:fictional/place/cy-clxx-ward
N110,Tyrannical Christine Street,_:fictional/place/tyrannical-christine-street,_:typeof/fictional-place,_:fictional/place/cy-clxx-ward
N111,Salient Erynia Street,_:fictional/place/salient-erynia-street,_:typeof/fictional-place,_:fictional/place/cy-clxx-ward
N112,Medley Padua Street,_:fictional/place/medley-padua-street,_:typeof/fictional-place,_:fictional/place/cy-clxx-ward
N113,Hissy Clementina Street,_:fictional/place/hissy-clementina-street,_:typeof/fictional-place,_:fictional/place/cy-clxx-ward
N114,Melodic Brunsia Street,_:fictional/place/melodic-brunsia-street,_:typeof/fictional-place,_:fictional/place/cy-clxx-ward
N115,Double-blind Lacadiera Street,_:fictional/place/double-blind-lacadiera-street,_:typeof/fictional-place,_:fictional/place/cy-clxx-ward
N116,Tailed Argentina Street,_:fictional/place/tailed-argentina-street,_:typeof/fictional-place,_:fictional/place/cy-clxx-ward
N117,Exulting Isara Street,_:fictional/place/exulting-isara-street,_:typeof/fictional-place,_:fictional/place/cy-clxx-ward
N118,Dotted Parysatis Street,_:fictional/place/dotted-parysatis-street,_:typeof/fictional-place,_:fictional/place/cy-clxx-ward
N119,Unaided Papagena Street,_:fictional/place/unaided-papagena-street,_:typeof/fictional-place,_:fictional/place/cy-clxx-ward
N120,Shipped Picka Street,_:fictional/place/shipped-picka-street,_:typeof/fictional-place,_:fictional/place/cy-clxx-ward
N121,Safest Lina Street,_:fictional/place/safest-lina-street,_:typeof/fictional-place,_:fictional/place/cy-clxx-ward
N122,Ensconced Burnhamia Street,_:fictional/place/ensconced-burnhamia-street,_:typeof/fictional-place,_:fictional/place/cy-clxx-ward
N123,Specialized Laura Street,_:fictional/place/specialized-laura-street,_:typeof/fictional-place,_:fictional/place/cy-clxx-ward
N124,Pastel Marianna Street,_:fictional/place/pastel-marianna-street,_:typeof/fictional-place,_:fictional/place/cy-clxx-ward
N125,Unassisted Charis Street,_:fictional/place/unassisted-charis-street,_:typeof/fictional-place,_:fictional/place/cy-clxx-ward
N126,Graven Lameia Street,_:fictional/place/graven-lameia-street,_:typeof/fictional-place,_:fictional/place/cy-clxx-ward
N127,Synonymous Marlu Street,_:fictional/place/synonymous-marlu-street,_:typeof/fictional-place,_:fictional/place/cy-clxx-ward
N128,Freelance Eukrate Street,_:fictional/place/freelance-eukrate-street,_:typeof/fictional-place,_:fictional/place/cy-clxx-ward
N129,Sought Tisiphone Street,_:fictional/place/sought-tisiphone-street,_:typeof/fictional-place,_:fictional/place/cy-clxx-ward
N130,Synchronized Carlova Street,_:fictional/place/synchronized-carlova-street,_:typeof/fictional-place,_:fictional/place/cy-clxx-ward
N131,Unassuming Bouzareah Street,_:fictional/place/unassuming-bouzareah-street,_:typeof/fictional-place,_:fictional/place/cy-clxx-ward
N132,Parental Rebekka Street,_:fictional/place/parental-rebekka-street,_:typeof/fictional-place,_:fictional/place/cy-clxx-ward
N133,Monastic Bernardina Street,_:fictional/place/monastic-bernardina-street,_:typeof/fictional-place,_:fictional/place/cy-clxx-ward
N134,Nuanced Gutemberga Street,_:fictional/place/nuanced-gutemberga-street,_:typeof/fictional-place,_:fictional/place/cy-clxx-ward
N135,Two-lane Crescentia Street,_:fictional/place/two-lane-crescentia-street,_:typeof/fictional-place,_:fictional/place/cy-clxx-ward
N136,Strapping Philia Street,_:fictional/place/strapping-philia-street,_:typeof/fictional-place,_:fictional/place/cy-clxx-ward
N137,Mated Megaira Street,_:fictional/place/mated-megaira-street,_:typeof/fictional-place,_:fictional/place/cy-clxx-ward
N138,Exonerated Nealley Street,_:fictional/place/exonerated-nealley-street,_:typeof/fictional-place,_:fictional/place/cy-clxx-ward
N139,Material Lola Street,_:fictional/place/material-lola-street,_:typeof/fictional-place,_:fictional/place/cy-clxx-ward
N140,Existent Ninina Street,_:fictional/place/existent-ninina-street,_:typeof/fictional-place,_:fictional/place/cy-clxx-ward
N141,Occurring Berbericia Street,_:fictional/place/occurring-berbericia-street,_:typeof/fictional-place,_:fictional/place/cy-clxx-ward
N142,Fraudulent Lumiere Street,_:fictional/place/fraudulent-lumiere-street,_:typeof/fictional-place,_:fictional/place/cy-clxx-ward
N143,Unattractive Gudrun Street,_:fictional/place/unattractive-gudrun-street,_:typeof/fictional-place,_:fictional/place/cy-clxx-ward
N144,Parted Apollonia Street,_:fictional/place/parted-apollonia-street,_:typeof/fictional-place,_:fictional/place/cy-clxx-ward
N145,Shaken Rockefellia Street,_:fictional/place/shaken-rockefellia-street,_:typeof/fictional-place,_:fictional/place/cy-clxx-ward
N146,Noncommercial Hektor Street,_:fictional/place/noncommercial-hektor-street,_:typeof/fictional-place,_:fictional/place/cy-clxx-ward
N147,Solid-state Probitas Street,_:fictional/place/solid-state-probitas-street,_:typeof/fictional-place,_:fictional/place/cy-clxx-ward
N148,Excess Eugenisis Street,_:fictional/place/excess-eugenisis-street,_:typeof/fictional-place,_:fictional/place/cy-clxx-ward
N149,Fractional Germania Street,_:fictional/place/fractional-germania-street,_:typeof/fictional-place,_:fictional/place/cy-clxx-ward
N150,Socialized Liguria Street,_:fictional/place/socialized-liguria-street,_:typeof/fictional-place,_:fictional/place/cy-clxx-ward
N151,Uncapped Kriemhild Street,_:fictional/place/uncapped-kriemhild-street,_:typeof/fictional-place,_:fictional/place/cy-clxx-ward
N152,Trial Herodias Street,_:fictional/place/trial-herodias-street,_:typeof/fictional-place,_:fictional/place/cy-clxx-ward
N153,Disfigured Universitas Street,_:fictional/place/disfigured-universitas-street,_:typeof/fictional-place,_:fictional/place/cy-clxx-ward
N154,Vanilla Gabriella Street,_:fictional/place/vanilla-gabriella-street,_:typeof/fictional-place,_:fictional/place/cy-clxx-ward
N155,Roomful Kleopatra Street,_:fictional/place/roomful-kleopatra-street,_:typeof/fictional-place,_:fictional/place/cy-clxx-ward
N156,Exasperated Messalina Street,_:fictional/place/exasperated-messalina-street,_:typeof/fictional-place,_:fictional/place/cy-clxx-ward
N157,Inert Georgia Street,_:fictional/place/inert-georgia-street,_:typeof/fictional-place,_:fictional/place/cy-clxx-ward
N158,Nitrous Hispania Street,_:fictional/place/nitrous-hispania-street,_:typeof/fictional-place,_:fictional/place/cy-clxx-ward
N159,Treated Xenia Street,_:fictional/place/treated-xenia-street,_:typeof/fictional-place,_:fictional/place/cy-clxx-ward
N160,Rotating Adrastea Street,_:fictional/place/rotating-adrastea-street,_:typeof/fictional-place,_:fictional/place/cy-clxx-ward
N161,Paced Lundia Street,_:fictional/place/paced-lundia-street,_:typeof/fictional-place,_:fictional/place/cy-clxx-ward
N162,Idealistic Eleonora Street,_:fictional/place/idealistic-eleonora-street,_:typeof/fictional-place,_:fictional/place/cy-clxx-ward
N163,Robust Repsolda Street,_:fictional/place/robust-repsolda-street,_:typeof/fictional-place,_:fictional/place/cy-clxx-ward
N164,Roused Ruperto-Carola Street,_:fictional/place/roused-ruperto-carola-street,_:typeof/fictional-place,_:fictional/place/cy-clxx-ward
N165,Lusty Hypatia Street,_:fictional/place/lusty-hypatia-street,_:typeof/fictional-place,_:fictional/place/cy-clxx-ward
N166,Smacking Eriphyla Street,_:fictional/place/smacking-eriphyla-street,_:typeof/fictional-place,_:fictional/place/cy-clxx-ward
N167,Overworked Octavia Street,_:fictional/place/overworked-octavia-street,_:typeof/fictional-place,_:fictional/place/cy-clxx-ward
N168,Sexier Zeuxo Street,_:fictional/place/sexier-zeuxo-street,_:typeof/fictional-place,_:fictional/place/cy-clxx-ward
N169,Incomprehensible Nestor Street,_:fictional/place/incomprehensible-nestor-street,_:typeof/fictional-place,_:fictional/place/cy-clxx-ward
N170,Disabling Rhoda Street,_:fictional/place/disabling-rhoda-street,_:typeof/fictional-place,_:fictional/place/cy-clxx-ward
N171,Swooning Aguntina Street,_:fictional/place/swooning-aguntina-street,_:typeof/fictional-place,_:fictional/place/cy-clxx-ward
N172,Footy Honoria Street,_:fictional/place/footy-honoria-street,_:typeof/fictional-place,_:fictional/place/cy-clxx-ward
N173,Smokeless Saskia Street,_:fictional/place/smokeless-saskia-street,_:typeof/fictional-place,_:fictional/place/cy-clxx-ward
N174,Sympathize Yrsa Street,_:fictional/place/sympathize-yrsa-street,_:typeof/fictional-place,_:fictional/place/cy-clxx-ward
N175,Uncontrolled El Djezair Street,_:fictional/place/uncontrolled-el-djezair-street,_:typeof/fictional-place,_:fictional/place/cy-clxx-ward
N176,Overboard Misa Street,_:fictional/place/overboard-misa-street,_:typeof/fictional-place,_:fictional/place/cy-clxx-ward
N177,Mighty Chimaera Street,_:fictional/place/mighty-chimaera-street,_:typeof/fictional-place,_:fictional/place/cy-clxx-ward
N178,Mythic Armor Street,_:fictional/place/mythic-armor-street,_:typeof/fictional-place,_:fictional/place/cy-clxx-ward
N179,Uncomfortable Eleutheria Street,_:fictional/place/uncomfortable-eleutheria-street,_:typeof/fictional-place,_:fictional/place/cy-clxx-ward
N180,Differentiated Sylvania Street,_:fictional/place/differentiated-sylvania-street,_:typeof/fictional-place,_:fictional/place/cy-clxx-ward
N181,Foolhardy Nina Street,_:fictional/place/foolhardy-nina-street,_:typeof/fictional-place,_:fictional/place/cy-clxx-ward
N182,Traverse Alleghenia Street,_:fictional/place/traverse-alleghenia-street,_:typeof/fictional-place,_:fictional/place/cy-clxx-ward
N183,Sleepy Irmintraud Street,_:fictional/place/sleepy-irmintraud-street,_:typeof/fictional-place,_:fictional/place/cy-clxx-ward
N184,Uncooked Deborah Street,_:fictional/place/uncooked-deborah-street,_:typeof/fictional-place,_:fictional/place/cy-clxx-ward
N185,Inattentive Theresia Street,_:fictional/place/inattentive-theresia-street,_:typeof/fictional-place,_:fictional/place/cy-clxx-ward
N186,Foggy Scheila Street,_:fictional/place/foggy-scheila-street,_:typeof/fictional-place,_:fictional/place/cy-clxx-ward
N187,Self-taught Pariana Street,_:fictional/place/self-taught-pariana-street,_:typeof/fictional-place,_:fictional/place/cy-clxx-ward
N188,Segregated Ulla Street,_:fictional/place/segregated-ulla-street,_:typeof/fictional-place,_:fictional/place/cy-clxx-ward
N189,Dictated Polyxena Street,_:fictional/place/dictated-polyxena-street,_:typeof/fictional-place,_:fictional/place/cy-clxx-ward
N190,Fancier Buda Street,_:fictional/place/fancier-buda-street,_:typeof/fictional-place,_:fictional/place/cy-clxx-ward
N191,Reverend Hermentaria Street,_:fictional/place/reverend-hermentaria-street,_:typeof/fictional-place,_:fictional/place/cy-clxx-ward
N192,Loudest Athamantis Street,_:fictional/place/loudest-athamantis-street,_:typeof/fictional-place,_:fictional/place/cy-clxx-ward
N193,Sleepless May Street,_:fictional/place/sleepless-may-street,_:typeof/fictional-place,_:fictional/place/cy-clxx-ward
N194,Faltering Vindobona Street,_:fictional/place/faltering-vindobona-street,_:typeof/fictional-place,_:fictional/place/cy-clxx-ward
N195,In-flight Bandusia Street,_:fictional/place/in-flight-bandusia-street,_:typeof/fictional-place,_:fictional/place/cy-clxx-ward
N196,Gibberish Notburga Street,_:fictional/place/gibberish-notburga-street,_:typeof/fictional-place,_:fictional/place/cy-clxx-ward
N197,Reversing Marbachia Street,_:fictional/place/reversing-marbachia-street,_:typeof/fictional-place,_:fictional/place/cy-clxx-ward
N198,Devilish Nauheima Street,_:fictional/place/devilish-nauheima-street,_:typeof/fictional-place,_:fictional/place/cy-clxx-ward
N199,Inbound Esther Street,_:fictional/place/inbound-esther-street,_:typeof/fictional-place,_:fictional/place/cy-clxx-ward
N200,Muted Anneliese Street,_:fictional/place/muted-anneliese-street,_:typeof/fictional-place,_:fictional/place/cy-clxx-ward
N201,Deviant Aida Street,_:fictional/place/deviant-aida-street,_:typeof/fictional-place,_:fictional/place/cy-clxx-ward
N202,Devoted Tea Street,_:fictional/place/devoted-tea-street,_:typeof/fictional-place,_:fictional/place/cy-clxx-ward
N203,Low-budget Philosophia Street,_:fictional/place/low-budget-philosophia-street,_:typeof/fictional-place,_:fictional/place/cy-clxx-ward
N204,Dropped Pauly Street,_:fictional/place/dropped-pauly-street,_:typeof/fictional-place,_:fictional/place/cy-clxx-ward
N205,Flowing Agamemnon Street,_:fictional/place/flowing-agamemnon-street,_:typeof/fictional-place,_:fictional/place/cy-clxx-ward
N206,Overheated Bathseba Street,_:fictional/place/overheated-bathseba-street,_:typeof/fictional-place,_:fictional/place/cy-clxx-ward
N207,Underground Weringia Street,_:fictional/place/underground-weringia-street,_:typeof/fictional-place,_:fictional/place/cy-clxx-ward
N208,Mysterious Alinda Street,_:fictional/place/mysterious-alinda-street,_:typeof/fictional-place,_:fictional/place/cy-clxx-ward
N209,Veering Agathe Street,_:fictional/place/veering-agathe-street,_:typeof/fictional-place,_:fictional/place/cy-clxx-ward
N210,Senior Pompeja Street,_:fictional/place/senior-pompeja-street,_:typeof/fictional-place,_:fictional/place/cy-clxx-ward
N211,Impulsive Tanete Street,_:fictional/place/impulsive-tanete-street,_:typeof/fictional-place,_:fictional/place/cy-clxx-ward
N212,Vaunted Washingtonia Street,_:fictional/place/vaunted-washingtonia-street,_:typeof/fictional-place,_:fictional/place/cy-clxx-ward
N213,Draining Adelinda Street,_:fictional/place/draining-adelinda-street,_:typeof/fictional-place,_:fictional/place/cy-clxx-ward
N214,Semiautomatic Hamiltonia Street,_:fictional/place/semiautomatic-hamiltonia-street,_:typeof/fictional-place,_:fictional/place/cy-clxx-ward
N215,Second-best Henrietta Street,_:fictional/place/second-best-henrietta-street,_:typeof/fictional-place,_:fictional/place/cy-clxx-ward
N216,Transformed Backlunda Street,_:fictional/place/transformed-backlunda-street,_:typeof/fictional-place,_:fictional/place/cy-clxx-ward
N217,Retaliatory Desiderata Street,_:fictional/place/retaliatory-desiderata-street,_:typeof/fictional-place,_:fictional/place/cy-clxx-ward
N218,Destitute Helwerthia Street,_:fictional/place/destitute-helwerthia-street,_:typeof/fictional-place,_:fictional/place/cy-clxx-ward
N219,Impressionable Glasenappia Street,_:fictional/place/impressionable-glasenappia-street,_:typeof/fictional-place,_:fictional/place/cy-clxx-ward
N220,Flickering Maritima Street,_:fictional/place/flickering-maritima-street,_:typeof/fictional-place,_:fictional/place/cy-clxx-ward
N221,Sweating Elfriede Street,_:fictional/place/sweating-elfriede-street,_:typeof/fictional-place,_:fictional/place/cy-clxx-ward
N222,Metabolic Nanon Street,_:fictional/place/metabolic-nanon-street,_:typeof/fictional-place,_:fictional/place/cy-clxx-ward
N223,Opt-in Croatia Street,_:fictional/place/opt-in-croatia-street,_:typeof/fictional-place,_:fictional/place/cy-clxx-ward
N224,Seated Otila Street,_:fictional/place/seated-otila-street,_:typeof/fictional-place,_:fictional/place/cy-clxx-ward
N225,Gypsy Hamburga Street,_:fictional/place/gypsy-hamburga-street,_:typeof/fictional-place,_:fictional/place/cy-clxx-ward
N226,Sweeping Devosa Street,_:fictional/place/sweeping-devosa-street,_:typeof/fictional-place,_:fictional/place/cy-clxx-ward
N227,Scrolled Ulrike Street,_:fictional/place/scrolled-ulrike-street,_:typeof/fictional-place,_:fictional/place/cy-clxx-ward
N228,Motorized Triberga Street,_:fictional/place/motorized-triberga-street,_:typeof/fictional-place,_:fictional/place/cy-clxx-ward
N229,Depress Priamus Street,_:fictional/place/depress-priamus-street,_:typeof/fictional-place,_:fictional/place/cy-clxx-ward
N230,Departed Arequipa Street,_:fictional/place/departed-arequipa-street,_:typeof/fictional-place,_:fictional/place/cy-clxx-ward
N231,Restrict Eos Street,_:fictional/place/restrict-eos-street,_:typeof/fictional-place,_:fictional/place/cy-clxx-ward
N232,Motley Ruth Street,_:fictional/place/motley-ruth-street,_:typeof/fictional-place,_:fictional/place/cy-clxx-ward
N233,Immigrant Chicago Street,_:fictional/place/immigrant-chicago-street,_:typeof/fictional-place,_:fictional/place/cy-clxx-ward
N234,Sensed Palisana Street,_:fictional/place/sensed-palisana-street,_:typeof/fictional-place,_:fictional/place/cy-clxx-ward
N235,Rested Roberta Street,_:fictional/place/rested-roberta-street,_:typeof/fictional-place,_:fictional/place/cy-clxx-ward
N236,Grizzly Thusnelda Street,_:fictional/place/grizzly-thusnelda-street,_:typeof/fictional-place,_:fictional/place/cy-clxx-ward
N237,Resultant Pierretta Street,_:fictional/place/resultant-pierretta-street,_:typeof/fictional-place,_:fictional/place/cy-clxx-ward
N238,Immense Thekla Street,_:fictional/place/immense-thekla-street,_:typeof/fictional-place,_:fictional/place/cy-clxx-ward
N239,Greener Matterania Street,_:fictional/place/greener-matterania-street,_:typeof/fictional-place,_:fictional/place/cy-clxx-ward
N240,Immersive Sarita Street,_:fictional/place/immersive-sarita-street,_:typeof/fictional-place,_:fictional/place/cy-clxx-ward
N241,Shadowy Cosette Street,_:fictional/place/shadowy-cosette-street,_:typeof/fictional-place,_:fictional/place/cy-clxx-ward
N242,Livid Aeternitas Street,_:fictional/place/livid-aeternitas-street,_:typeof/fictional-place,_:fictional/place/cy-clxx-ward
N243,Enamel Siri Street,_:fictional/place/enamel-siri-street,_:typeof/fictional-place,_:fictional/place/cy-clxx-ward
N244,Mounted Mattiaca Street,_:fictional/place/mounted-mattiaca-street,_:typeof/fictional-place,_:fictional/place/cy-clxx-ward
N245,Firmer Gedania Street,_:fictional/place/firmer-gedania-street,_:typeof/fictional-place,_:fictional/place/cy-clxx-ward
N246,Commuting Swetlana Street,_:fictional/place/commuting-swetlana-street,_:typeof/fictional-place,_:fictional/place/cy-clxx-ward
N247,Defenseless Tauntonia Street,_:fictional/place/defenseless-tauntonia-street,_:typeof/fictional-place,_:fictional/place/cy-clxx-ward
N248,Vented Athene Street,_:fictional/place/vented-athene-street,_:typeof/fictional-place,_:fictional/place/cy-clxx-ward
N249,Mediaeval Oenone Street,_:fictional/place/mediaeval-oenone-street,_:typeof/fictional-place,_:fictional/place/cy-clxx-ward
N250,Speedy Etheridgea Street,_:fictional/place/speedy-etheridgea-street,_:typeof/fictional-place,_:fictional/place/cy-clxx-ward
N251,Respectful Edna Street,_:fictional/place/respectful-edna-street,_:typeof/fictional-place,_:fictional/place/cy-clxx-ward
N252,Defaced Rezia Street,_:fictional/place/defaced-rezia-street,_:typeof/fictional-place,_:fictional/place/cy-clxx-ward
N253,Undisturbed Preziosa Street,_:fictional/place/undisturbed-preziosa-street,_:typeof/fictional-place,_:fictional/place/cy-clxx-ward
N254,Illustrative Emma Street,_:fictional/place/illustrative-emma-street,_:typeof/fictional-place,_:fictional/place/cy-clxx-ward
N255,Filling Semiramis Street,_:fictional/place/filling-semiramis-street,_:typeof/fictional-place,_:fictional/place/cy-clxx-ward
N256,Sentient Svea Street,_:fictional/place/sentient-svea-street,_:typeof/fictional-place,_:fictional/place/cy-clxx-ward
N257,Executable America Street,_:fictional/place/executable-america-street,_:typeof/fictional-place,_:fictional/place/cy-clxx-ward
N258,Stubborn Olympia Street,_:fictional/place/stubborn-olympia-street,_:typeof/fictional-place,_:fictional/place/cy-clxx-ward
N259,Exciting Columbia Street,_:fictional/place/exciting-columbia-street,_:typeof/fictional-place,_:fictional/place/cy-clxx-ward
N260,Resigned Lyka Street,_:fictional/place/resigned-lyka-street,_:typeof/fictional-place,_:fictional/place/cy-clxx-ward
N261,Spattered Zahringia Street,_:fictional/place/spattered-zahringia-street,_:typeof/fictional-place,_:fictional/place/cy-clxx-ward
N262,Fiddling Photographica Street,_:fictional/place/fiddling-photographica-street,_:typeof/fictional-place,_:fictional/place/cy-clxx-ward
N263,Repellent Isolda Street,_:fictional/place/repellent-isolda-street,_:typeof/fictional-place,_:fictional/place/cy-clxx-ward
N264,Sometime Tamara Street,_:fictional/place/sometime-tamara-street,_:typeof/fictional-place,_:fictional/place/cy-clxx-ward
N265,Repeating Peraga Street,_:fictional/place/repeating-peraga-street,_:typeof/fictional-place,_:fictional/place/cy-clxx-ward
N266,Scratched Herba Street,_:fictional/place/scratched-herba-street,_:typeof/fictional-place,_:fictional/place/cy-clxx-ward
N267,Dazzled Bilkis Street,_:fictional/place/dazzled-bilkis-street,_:typeof/fictional-place,_:fictional/place/cy-clxx-ward
N268,Everlasting Itha Avenue,_:fictional/place/everlasting-itha-avenue,_:typeof/fictional-place,_:fictional/place/cy-clxx-ward
N269,Emerald Roswitha Street,_:fictional/place/emerald-roswitha-street,_:typeof/fictional-place,_:fictional/place/cy-clxx-ward
N270,Modernized Bavaria Street,_:fictional/place/modernized-bavaria-street,_:typeof/fictional-place,_:fictional/place/cy-clxx-ward
N271,Illustrated Irenaea Street,_:fictional/place/illustrated-irenaea-street,_:typeof/fictional-place,_:fictional/place/cy-clxx-ward
N272,Ignited Pia Street,_:fictional/place/ignited-pia-street,_:typeof/fictional-place,_:fictional/place/cy-clxx-ward
N273,Molecular Pulcova Street,_:fictional/place/molecular-pulcova-street,_:typeof/fictional-place,_:fictional/place/cy-clxx-ward
N274,Combat Ricarda Street,_:fictional/place/combat-ricarda-street,_:typeof/fictional-place,_:fictional/place/cy-clxx-ward
N275,One-year Sorga Street,_:fictional/place/one-year-sorga-street,_:typeof/fictional-place,_:fictional/place/cy-clxx-ward
N276,Unequal Hedda Street,_:fictional/place/unequal-hedda-street,_:typeof/fictional-place,_:fictional/place/cy-clxx-ward
N277,Mixed Birgit Street,_:fictional/place/mixed-birgit-street,_:typeof/fictional-place,_:fictional/place/cy-clxx-ward
N278,Uneasy Athanasia Street,_:fictional/place/uneasy-athanasia-street,_:typeof/fictional-place,_:fictional/place/cy-clxx-ward
N279,Fermented Helga Street,_:fictional/place/fermented-helga-street,_:typeof/fictional-place,_:fictional/place/cy-clxx-ward
N280,Cushioned Arizona Street,_:fictional/place/cushioned-arizona-street,_:typeof/fictional-place,_:fictional/place/cy-clxx-ward
N281,Ferocious Baptistina Street,_:fictional/place/ferocious-baptistina-street,_:typeof/fictional-place,_:fictional/place/cy-clxx-ward
N282,Unearthly Rhodia Street,_:fictional/place/unearthly-rhodia-street,_:typeof/fictional-place,_:fictional/place/cy-clxx-ward
N283,Mitigated Burgundia Street,_:fictional/place/mitigated-burgundia-street,_:typeof/fictional-place,_:fictional/place/cy-clxx-ward
N284,One-eyed Watsonia Street,_:fictional/place/one-eyed-watsonia-street,_:typeof/fictional-place,_:fictional/place/cy-clxx-ward
N285,Maniac Martha Street,_:fictional/place/maniac-martha-street,_:typeof/fictional-place,_:fictional/place/cy-clxx-ward
N286,Spiky Ohio Street,_:fictional/place/spiky-ohio-street,_:typeof/fictional-place,_:fictional/place/cy-clxx-ward
N287,Oncoming Renate Street,_:fictional/place/oncoming-renate-street,_:typeof/fictional-place,_:fictional/place/cy-clxx-ward
N288,Crypto Ilsebill Street,_:fictional/place/crypto-ilsebill-street,_:typeof/fictional-place,_:fictional/place/cy-clxx-ward
N289,Tectonic Leonisis Street,_:fictional/place/tectonic-leonisis-street,_:typeof/fictional-place,_:fictional/place/cy-clxx-ward
N290,Fearless Chryseis Street,_:fictional/place/fearless-chryseis-street,_:typeof/fictional-place,_:fictional/place/cy-clxx-ward
N291,Spherical Patricia Street,_:fictional/place/spherical-patricia-street,_:typeof/fictional-place,_:fictional/place/cy-clxx-ward
N292,Technical Katharina Street,_:fictional/place/technical-katharina-street,_:typeof/fictional-place,_:fictional/place/cy-clxx-ward
N293,Unfinished Ara Street,_:fictional/place/unfinished-ara-street,_:typeof/fictional-place,_:fictional/place/cy-clxx-ward
N294,North Praxedis Street,_:fictional/place/north-praxedis-street,_:typeof/fictional-place,_:fictional/place/cy-clxx-ward
N295,Lucid Valeska Street,_:fictional/place/lucid-valeska-street,_:typeof/fictional-place,_:fictional/place/cy-clxx-ward
N296,Mind-boggling Cupido Street,_:fictional/place/mind-boggling-cupido-street,_:typeof/fictional-place,_:fictional/place/cy-clxx-ward
N297,Cover Brasilia Street,_:fictional/place/cover-brasilia-street,_:typeof/fictional-place,_:fictional/place/cy-clxx-ward
N298,Human Brendelia Street,_:fictional/place/human-brendelia-street,_:typeof/fictional-place,_:fictional/place/cy-clxx-ward
N299,Eaten Halawe Street,_:fictional/place/eaten-halawe-street,_:typeof/fictional-place,_:fictional/place/cy-clxx-ward
N300,Cosmic Eros Street,_:fictional/place/cosmic-eros-street,_:typeof/fictional-place,_:fictional/place/cy-clxx-ward
N301,Luckless Moguntia Street,_:fictional/place/luckless-moguntia-street,_:typeof/fictional-place,_:fictional/place/cy-clxx-ward
N302,Unforeseen Byblis Street,_:fictional/place/unforeseen-byblis-street,_:typeof/fictional-place,_:fictional/place/cy-clxx-ward
N303,Legible Franziska Street,_:fictional/place/legible-franziska-street,_:typeof/fictional-place,_:fictional/place/cy-clxx-ward
N304,Unfazed Edith Street,_:fictional/place/unfazed-edith-street,_:typeof/fictional-place,_:fictional/place/cy-clxx-ward
N305,Huddled Ampella Street,_:fictional/place/huddled-ampella-street,_:typeof/fictional-place,_:fictional/place/cy-clxx-ward
N306,Didactic Pythia Street,_:fictional/place/didactic-pythia-street,_:typeof/fictional-place,_:fictional/place/cy-clxx-ward
N307,Leisure Hungaria Street,_:fictional/place/leisure-hungaria-street,_:typeof/fictional-place,_:fictional/place/cy-clxx-ward
N308,Slender Aslog Street,_:fictional/place/slender-aslog-street,_:typeof/fictional-place,_:fictional/place/cy-clxx-ward
N309,Undersea Haidea Street,_:fictional/place/undersea-haidea-street,_:typeof/fictional-place,_:fictional/place/cy-clxx-ward
N310,Oldest Tjilaki Street,_:fictional/place/oldest-tjilaki-street,_:typeof/fictional-place,_:fictional/place/cy-clxx-ward
N311,Unforgivable Bruna Street,_:fictional/place/unforgivable-bruna-street,_:typeof/fictional-place,_:fictional/place/cy-clxx-ward
N312,Corporatist Kressida Street,_:fictional/place/corporatist-kressida-street,_:typeof/fictional-place,_:fictional/place/cy-clxx-ward
N313,Coronary Ingeborg Street,_:fictional/place/coronary-ingeborg-street,_:typeof/fictional-place,_:fictional/place/cy-clxx-ward
N314,Fast-growing Struveana Street,_:fictional/place/fast-growing-struveana-street,_:typeof/fictional-place,_:fictional/place/cy-clxx-ward
N315,Uncooperative Nipponia Street,_:fictional/place/uncooperative-nipponia-street,_:typeof/fictional-place,_:fictional/place/cy-clxx-ward
N316,Famous Bondia Street,_:fictional/place/famous-bondia-street,_:typeof/fictional-place,_:fictional/place/cy-clxx-ward
N317,Strained Athalia Street,_:fictional/place/strained-athalia-street,_:typeof/fictional-place,_:fictional/place/cy-clxx-ward
N318,Slanting Lotis Street,_:fictional/place/slanting-lotis-street,_:typeof/fictional-place,_:fictional/place/cy-clxx-ward
N319,Mind-blowing Industria Street,_:fictional/place/mind-blowing-industria-street,_:typeof/fictional-place,_:fictional/place/cy-clxx-ward
N320,Unidentified Ornamenta Street,_:fictional/place/unidentified-ornamenta-street,_:typeof/fictional-place,_:fictional/place/cy-clxx-ward
N321,Reliable Valeria Street,_:fictional/place/reliable-valeria-street,_:typeof/fictional-place,_:fictional/place/cy-clxx-ward
N322,Long-running Schlutia Street,_:fictional/place/long-running-schlutia-street,_:typeof/fictional-place,_:fictional/place/cy-clxx-ward
N323,Slamming Aspasia Street,_:fictional/place/slamming-aspasia-street,_:typeof/fictional-place,_:fictional/place/cy-clxx-ward
N324,Fainter Hybris Street,_:fictional/place/fainter-hybris-street,_:typeof/fictional-place,_:fictional/place/cy-clxx-ward
N325,Registering Jovita Street,_:fictional/place/registering-jovita-street,_:typeof/fictional-place,_:fictional/place/cy-clxx-ward
N326,Storied Massinga Street,_:fictional/place/storied-massinga-street,_:typeof/fictional-place,_:fictional/place/cy-clxx-ward
N327,Fading Rogeria Street,_:fictional/place/fading-rogeria-street,_:typeof/fictional-place,_:fictional/place/cy-clxx-ward
N328,Skyrocketed Jenny Street,_:fictional/place/skyrocketed-jenny-street,_:typeof/fictional-place,_:fictional/place/cy-clxx-ward
N329,Unimaginative Kressmannia Street,_:fictional/place/unimaginative-kressmannia-street,_:typeof/fictional-place,_:fictional/place/cy-clxx-ward
N330,Hands-off Polyxo Street,_:fictional/place/hands-off-polyxo-street,_:typeof/fictional-place,_:fictional/place/cy-clxx-ward
N331,Contemporaneous Ostara Street,_:fictional/place/contemporaneous-ostara-street,_:typeof/fictional-place,_:fictional/place/cy-clxx-ward
N332,Stoked Armida Street,_:fictional/place/stoked-armida-street,_:typeof/fictional-place,_:fictional/place/cy-clxx-ward
W001,Laden Gordonia Avenue,_:fictional/place/laden-gordonia-avenue,_:typeof/fictional-place,_:fictional/place/cy-clxx-ward
W002,Running Epyaxa Street,_:fictional/place/running-epyaxa-street,_:typeof/fictional-place,_:fictional/place/cy-clxx-ward
W003,Traditional Nike Street,_:fictional/place/traditional-nike-street,_:typeof/fictional-place,_:fictional/place/cy-clxx-ward
W004,Unsuccessful Gudula Street,_:fictional/place/unsuccessful-gudula-street,_:typeof/fictional-place,_:fictional/place/cy-clxx-ward
W005,Export Kythera Street,_:fictional/place/export-kythera-street,_:typeof/fictional-place,_:fictional/place/cy-clxx-ward
W006,Skeleton Herluga Street,_:fictional/place/skeleton-herluga-street,_:typeof/fictional-place,_:fictional/place/cy-clxx-ward
W007,Paramount Brangane Street,_:fictional/place/paramount-brangane-street,_:typeof/fictional-place,_:fictional/place/cy-clxx-ward
W008,Rubber Quintilla Street,_:fictional/place/rubber-quintilla-street,_:typeof/fictional-place,_:fictional/place/cy-clxx-ward
W009,Hitless Lilaea Street,_:fictional/place/hitless-lilaea-street,_:typeof/fictional-place,_:fictional/place/cy-clxx-ward
W010,Keyed Josephina Street,_:fictional/place/keyed-josephina-street,_:typeof/fictional-place,_:fictional/place/cy-clxx-ward
W011,Conservative Menippe Street,_:fictional/place/conservative-menippe-street,_:typeof/fictional-place,_:fictional/place/cy-clxx-ward
W012,Constituent Adelheid Street,_:fictional/place/constituent-adelheid-street,_:typeof/fictional-place,_:fictional/place/cy-clxx-ward
W013,Run-down Galene Street,_:fictional/place/run-down-galene-street,_:typeof/fictional-place,_:fictional/place/cy-clxx-ward
W014,Meditated Ilmatar Street,_:fictional/place/meditated-ilmatar-street,_:typeof/fictional-place,_:fictional/place/cy-clxx-ward
W015,Uninspired Zeissia Street,_:fictional/place/uninspired-zeissia-street,_:typeof/fictional-place,_:fictional/place/cy-clxx-ward
W016,Recovering Olga Street,_:fictional/place/recovering-olga-street,_:typeof/fictional-place,_:fictional/place/cy-clxx-ward
W017,Congressional Montana Street,_:fictional/place/congressional-montana-street,_:typeof/fictional-place,_:fictional/place/cy-clxx-ward
W018,High-res Wladilena Street,_:fictional/place/high-res-wladilena-street,_:typeof/fictional-place,_:fictional/place/cy-clxx-ward
W019,Exorbitant Alphonsina Street,_:fictional/place/exorbitant-alphonsina-street,_:typeof/fictional-place,_:fictional/place/cy-clxx-ward
W020,Suspenseful Tekmessa Street,_:fictional/place/suspenseful-tekmessa-street,_:typeof/fictional-place,_:fictional/place/cy-clxx-ward
W021,Literary Friederike Street,_:fictional/place/literary-friederike-street,_:typeof/fictional-place,_:fictional/place/cy-clxx-ward
W022,Natural Dudu Street,_:fictional/place/natural-dudu-street,_:typeof/fictional-place,_:fictional/place/cy-clxx-ward
W023,Risque Toni Street,_:fictional/place/risque-toni-street,_:typeof/fictional-place,_:fictional/place/cy-clxx-ward
W024,Cherished Academia Street,_:fictional/place/cherished-academia-street,_:typeof/fictional-place,_:fictional/place/cy-clxx-ward
W025,Deluded Princetonia Street,_:fictional/place/deluded-princetonia-street,_:typeof/fictional-place,_:fictional/place/cy-clxx-ward
W026,High-performance Sita Street,_:fictional/place/high-performance-sita-street,_:typeof/fictional-place,_:fictional/place/cy-clxx-ward
W027,Unintended Galatea Street,_:fictional/place/unintended-galatea-street,_:typeof/fictional-place,_:fictional/place/cy-clxx-ward
W028,High-density Vera Street,_:fictional/place/high-density-vera-street,_:typeof/fictional-place,_:fictional/place/cy-clxx-ward
W029,Evergreen Suleika Street,_:fictional/place/evergreen-suleika-street,_:typeof/fictional-place,_:fictional/place/cy-clxx-ward
W030,Runtime Thora Street,_:fictional/place/runtime-thora-street,_:typeof/fictional-place,_:fictional/place/cy-clxx-ward
W031,Ringed Istria Street,_:fictional/place/ringed-istria-street,_:typeof/fictional-place,_:fictional/place/cy-clxx-ward
W032,Confidential Altona Street,_:fictional/place/confidential-altona-street,_:typeof/fictional-place,_:fictional/place/cy-clxx-ward
W033,Realizing Geraldina Street,_:fictional/place/realizing-geraldina-street,_:typeof/fictional-place,_:fictional/place/cy-clxx-ward
W034,Confining Metcalfia Street,_:fictional/place/confining-metcalfia-street,_:typeof/fictional-place,_:fictional/place/cy-clxx-ward
W035,High-yield Inna Street,_:fictional/place/high-yield-inna-street,_:typeof/fictional-place,_:fictional/place/cy-clxx-ward
W036,Ever-present Ratisbona Street,_:fictional/place/ever-present-ratisbona-street,_:typeof/fictional-place,_:fictional/place/cy-clxx-ward
W037,Swinging Timandra Street,_:fictional/place/swinging-timandra-street,_:typeof/fictional-place,_:fictional/place/cy-clxx-ward
W038,Listening Nassovia Street,_:fictional/place/listening-nassovia-street,_:typeof/fictional-place,_:fictional/place/cy-clxx-ward
W039,Muscular Ingwelde Street,_:fictional/place/muscular-ingwelde-street,_:typeof/fictional-place,_:fictional/place/cy-clxx-ward
W040,Rustling Imhilde Street,_:fictional/place/rustling-imhilde-street,_:typeof/fictional-place,_:fictional/place/cy-clxx-ward
W041,Oyster Wolfiana Street,_:fictional/place/oyster-wolfiana-street,_:typeof/fictional-place,_:fictional/place/cy-clxx-ward
W042,Decrepit Cora Street,_:fictional/place/decrepit-cora-street,_:typeof/fictional-place,_:fictional/place/cy-clxx-ward
W043,Heralded Carolina Street,_:fictional/place/heralded-carolina-street,_:typeof/fictional-place,_:fictional/place/cy-clxx-ward
W044,Universal Cava Street,_:fictional/place/universal-cava-street,_:typeof/fictional-place,_:fictional/place/cy-clxx-ward
W045,Hedonistic Coelestina Street,_:fictional/place/hedonistic-coelestina-street,_:typeof/fictional-place,_:fictional/place/cy-clxx-ward
W046,Esoteric Delila Street,_:fictional/place/esoteric-delila-street,_:typeof/fictional-place,_:fictional/place/cy-clxx-ward
W047,Right-hand Felicia Street,_:fictional/place/right-hand-felicia-street,_:typeof/fictional-place,_:fictional/place/cy-clxx-ward
W048,Saved Hildrun Street,_:fictional/place/saved-hildrun-street,_:typeof/fictional-place,_:fictional/place/cy-clxx-ward
W049,Outsized Albert Street,_:fictional/place/outsized-albert-street,_:typeof/fictional-place,_:fictional/place/cy-clxx-ward
W050,Multi-million Lipperta Street,_:fictional/place/multi-million-lipperta-street,_:typeof/fictional-place,_:fictional/place/cy-clxx-ward
W051,Heart-shaped Adorea Street,_:fictional/place/heart-shaped-adorea-street,_:typeof/fictional-place,_:fictional/place/cy-clxx-ward
W052,Eradicated Algunde Street,_:fictional/place/eradicated-algunde-street,_:typeof/fictional-place,_:fictional/place/cy-clxx-ward
W053,Conceding Mildred Street,_:fictional/place/conceding-mildred-street,_:typeof/fictional-place,_:fictional/place/cy-clxx-ward
W054,Scandalized Moskva Street,_:fictional/place/scandalized-moskva-street,_:typeof/fictional-place,_:fictional/place/cy-clxx-ward
W055,Concentrated Phyllis Street,_:fictional/place/concentrated-phyllis-street,_:typeof/fictional-place,_:fictional/place/cy-clxx-ward
W056,Elaborated Iduna Street,_:fictional/place/elaborated-iduna-street,_:typeof/fictional-place,_:fictional/place/cy-clxx-ward
W057,Prerequisite Aline Avenue,_:fictional/place/prerequisite-aline-avenue,_:typeof/fictional-place,_:fictional/place/cy-clxx-ward
W058,Unmasked Botolphia Street,_:fictional/place/unmasked-botolphia-street,_:typeof/fictional-place,_:fictional/place/cy-clxx-ward
W059,Eroded Hohensteina Street,_:fictional/place/eroded-hohensteina-street,_:typeof/fictional-place,_:fictional/place/cy-clxx-ward
W060,Unorthodox Mireille Street,_:fictional/place/unorthodox-mireille-street,_:typeof/fictional-place,_:fictional/place/cy-clxx-ward
W061,Fledgling Westphalia Street,_:fictional/place/fledgling-westphalia-street,_:typeof/fictional-place,_:fictional/place/cy-clxx-ward
W062,Sleek Nenetta Street,_:fictional/place/sleek-nenetta-street,_:typeof/fictional-place,_:fictional/place/cy-clxx-ward
W063,Precocious Jena Street,_:fictional/place/precocious-jena-street,_:typeof/fictional-place,_:fictional/place/cy-clxx-ward
W064,Revolving Walkure Street,_:fictional/place/revolving-walkure-street,_:typeof/fictional-place,_:fictional/place/cy-clxx-ward
W065,Comparable Sigelinde Street,_:fictional/place/comparable-sigelinde-street,_:typeof/fictional-place,_:fictional/place/cy-clxx-ward
W066,Duplicate Ino Street,_:fictional/place/duplicate-ino-street,_:typeof/fictional-place,_:fictional/place/cy-clxx-ward
W067,Disconnected Luisa Street,_:fictional/place/disconnected-luisa-street,_:typeof/fictional-place,_:fictional/place/cy-clxx-ward
W068,Manmade Dresda Street,_:fictional/place/manmade-dresda-street,_:typeof/fictional-place,_:fictional/place/cy-clxx-ward
W069,Heathen Bredichina Street,_:fictional/place/heathen-bredichina-street,_:typeof/fictional-place,_:fictional/place/cy-clxx-ward
W070,Heart Titania Street,_:fictional/place/heart-titania-street,_:typeof/fictional-place,_:fictional/place/cy-clxx-ward
W071,Maroon Mandeville Street,_:fictional/place/maroon-mandeville-street,_:typeof/fictional-place,_:fictional/place/cy-clxx-ward
W072,Unparalleled Zwetana Street,_:fictional/place/unparalleled-zwetana-street,_:typeof/fictional-place,_:fictional/place/cy-clxx-ward
W073,Goalless Ophelia Street,_:fictional/place/goalless-ophelia-street,_:typeof/fictional-place,_:fictional/place/cy-clxx-ward
W074,Slimmer Whittemora Street,_:fictional/place/slimmer-whittemora-street,_:typeof/fictional-place,_:fictional/place/cy-clxx-ward
W075,Diagonal Luscinia Street,_:fictional/place/diagonal-luscinia-street,_:typeof/fictional-place,_:fictional/place/cy-clxx-ward
W076,Enthralling Maria Street,_:fictional/place/enthralling-maria-street,_:typeof/fictional-place,_:fictional/place/cy-clxx-ward
W077,Slapstick Achilles Street,_:fictional/place/slapstick-achilles-street,_:typeof/fictional-place,_:fictional/place/cy-clxx-ward
W078,Pre-emptive Alagasta Street,_:fictional/place/pre-emptive-alagasta-street,_:typeof/fictional-place,_:fictional/place/cy-clxx-ward
W079,Unpleasant Baucis Street,_:fictional/place/unpleasant-baucis-street,_:typeof/fictional-place,_:fictional/place/cy-clxx-ward
W080,Lowering Huberta Street,_:fictional/place/lowering-huberta-street,_:typeof/fictional-place,_:fictional/place/cy-clxx-ward
W081,Uninvited Sidonia Street,_:fictional/place/uninvited-sidonia-street,_:typeof/fictional-place,_:fictional/place/cy-clxx-ward
W082,Skinny Delia Street,_:fictional/place/skinny-delia-street,_:typeof/fictional-place,_:fictional/place/cy-clxx-ward
W083,Enlivened Ulula Street,_:fictional/place/enlivened-ulula-street,_:typeof/fictional-place,_:fictional/place/cy-clxx-ward
W084,Tougher Boliviana Street,_:fictional/place/tougher-boliviana-street,_:typeof/fictional-place,_:fictional/place/cy-clxx-ward
W085,Healing Bohemia Street,_:fictional/place/healing-bohemia-street,_:typeof/fictional-place,_:fictional/place/cy-clxx-ward
W086,Glaring Pretoria Street,_:fictional/place/glaring-pretoria-street,_:typeof/fictional-place,_:fictional/place/cy-clxx-ward
W087,Reserve Hooveria Street,_:fictional/place/reserve-hooveria-street,_:typeof/fictional-place,_:fictional/place/cy-clxx-ward
W088,Glare Emanuela Street,_:fictional/place/glare-emanuela-street,_:typeof/fictional-place,_:fictional/place/cy-clxx-ward
W089,Intolerant Augusta Street,_:fictional/place/intolerant-augusta-street,_:typeof/fictional-place,_:fictional/place/cy-clxx-ward
W090,Endangered Marmulla Street,_:fictional/place/endangered-marmulla-street,_:typeof/fictional-place,_:fictional/place/cy-clxx-ward
W091,Retiring Susi Street,_:fictional/place/retiring-susi-street,_:typeof/fictional-place,_:fictional/place/cy-clxx-ward
W092,Leather Rhodope Street,_:fictional/place/leather-rhodope-street,_:typeof/fictional-place,_:fictional/place/cy-clxx-ward
W093,Walk-on Scott Street,_:fictional/place/walk-on-scott-street,_:typeof/fictional-place,_:fictional/place/cy-clxx-ward
W094,Stylized Marghanna Street,_:fictional/place/stylized-marghanna-street,_:typeof/fictional-place,_:fictional/place/cy-clxx-ward
W095,Emotional Nymphe Street,_:fictional/place/emotional-nymphe-street,_:typeof/fictional-place,_:fictional/place/cy-clxx-ward
W096,Sizable Cheruskia Street,_:fictional/place/sizable-cheruskia-street,_:typeof/fictional-place,_:fictional/place/cy-clxx-ward
W097,Unprincipled Benda Street,_:fictional/place/unprincipled-benda-street,_:typeof/fictional-place,_:fictional/place/cy-clxx-ward
W098,Geologic Eva Street,_:fictional/place/geologic-eva-street,_:typeof/fictional-place,_:fictional/place/cy-clxx-ward
W099,Poorest Clorinde Street,_:fictional/place/poorest-clorinde-street,_:typeof/fictional-place,_:fictional/place/cy-clxx-ward
W100,Cleric Dulcinea Street,_:fictional/place/cleric-dulcinea-street,_:typeof/fictional-place,_:fictional/place/cy-clxx-ward
W101,Portmanteau Fama Street,_:fictional/place/portmanteau-fama-street,_:typeof/fictional-place,_:fictional/place/cy-clxx-ward
W102,Forked Arachne Street,_:fictional/place/forked-arachne-street,_:typeof/fictional-place,_:fictional/place/cy-clxx-ward
W103,Long-suffering Erigone Street,_:fictional/place/long-suffering-erigone-street,_:typeof/fictional-place,_:fictional/place/cy-clxx-ward
W104,Interfering Thuringia Street,_:fictional/place/interfering-thuringia-street,_:typeof/fictional-place,_:fictional/place/cy-clxx-ward
W105,Unread Stereoskopia Street,_:fictional/place/unread-stereoskopia-street,_:typeof/fictional-place,_:fictional/place/cy-clxx-ward
W106,Polygamous Hercynia Street,_:fictional/place/polygamous-hercynia-street,_:typeof/fictional-place,_:fictional/place/cy-clxx-ward
W107,Removable Clivia Street,_:fictional/place/removable-clivia-street,_:typeof/fictional-place,_:fictional/place/cy-clxx-ward
W108,Midterm Rosalia Street,_:fictional/place/midterm-rosalia-street,_:typeof/fictional-place,_:fictional/place/cy-clxx-ward
W109,Totalled Athor Street,_:fictional/place/totalled-athor-street,_:typeof/fictional-place,_:fictional/place/cy-clxx-ward
W110,Stinky Pickeringia Street,_:fictional/place/stinky-pickeringia-street,_:typeof/fictional-place,_:fictional/place/cy-clxx-ward
W111,Funded Salome Street,_:fictional/place/funded-salome-street,_:typeof/fictional-place,_:fictional/place/cy-clxx-ward
W112,Plumb Mocia Street,_:fictional/place/plumb-mocia-street,_:typeof/fictional-place,_:fictional/place/cy-clxx-ward
W113,Fulfilling Thia Street,_:fictional/place/fulfilling-thia-street,_:typeof/fictional-place,_:fictional/place/cy-clxx-ward
W114,Neutered Rotraut Street,_:fictional/place/neutered-rotraut-street,_:typeof/fictional-place,_:fictional/place/cy-clxx-ward
W115,Clapping Zerlina Street,_:fictional/place/clapping-zerlina-street,_:typeof/fictional-place,_:fictional/place/cy-clxx-ward
W116,Disdainful Kunigunde Street,_:fictional/place/disdainful-kunigunde-street,_:typeof/fictional-place,_:fictional/place/cy-clxx-ward
W117,Metallurgical Kartvelia Street,_:fictional/place/metallurgical-kartvelia-street,_:typeof/fictional-place,_:fictional/place/cy-clxx-ward
W118,Funny Atropos Street,_:fictional/place/funny-atropos-street,_:typeof/fictional-place,_:fictional/place/cy-clxx-ward
W119,Politician Mechthild Street,_:fictional/place/politician-mechthild-street,_:typeof/fictional-place,_:fictional/place/cy-clxx-ward
W120,Joyful Koronis Street,_:fictional/place/joyful-koronis-street,_:typeof/fictional-place,_:fictional/place/cy-clxx-ward
W121,Skirting Philagoria Street,_:fictional/place/skirting-philagoria-street,_:typeof/fictional-place,_:fictional/place/cy-clxx-ward
W122,Pliable Cyane Street,_:fictional/place/pliable-cyane-street,_:typeof/fictional-place,_:fictional/place/cy-clxx-ward
W123,Civilised Genua Street,_:fictional/place/civilised-genua-street,_:typeof/fictional-place,_:fictional/place/cy-clxx-ward
W124,Unregulated Amanda Street,_:fictional/place/unregulated-amanda-street,_:typeof/fictional-place,_:fictional/place/cy-clxx-ward
W125,Suave Elsa Street,_:fictional/place/suave-elsa-street,_:typeof/fictional-place,_:fictional/place/cy-clxx-ward
W126,Hopeless Antonia Street,_:fictional/place/hopeless-antonia-street,_:typeof/fictional-place,_:fictional/place/cy-clxx-ward
W127,Corroborated Montefiore Street,_:fictional/place/corroborated-montefiore-street,_:typeof/fictional-place,_:fictional/place/cy-clxx-ward
W128,Unreasonable Armenia Street,_:fictional/place/unreasonable-armenia-street,_:typeof/fictional-place,_:fictional/place/cy-clxx-ward
W129,Measuring Bethgea Street,_:fictional/place/measuring-bethgea-street,_:typeof/fictional-place,_:fictional/place/cy-clxx-ward
W130,Correlated Norma Street,_:fictional/place/correlated-norma-street,_:typeof/fictional-place,_:fictional/place/cy-clxx-ward
W131,Neurological Primula Street,_:fictional/place/neurological-primula-street,_:typeof/fictional-place,_:fictional/place/cy-clxx-ward
W132,Plausible Ducrosa Street,_:fictional/place/plausible-ducrosa-street,_:typeof/fictional-place,_:fictional/place/cy-clxx-ward
W133,Flammable Fiducia Street,_:fictional/place/flammable-fiducia-street,_:typeof/fictional-place,_:fictional/place/cy-clxx-ward
W134,Simplistic Bertha Street,_:fictional/place/simplistic-bertha-street,_:typeof/fictional-place,_:fictional/place/cy-clxx-ward
W135,Circumstantial Euryanthe Street,_:fictional/place/circumstantial-euryanthe-street,_:typeof/fictional-place,_:fictional/place/cy-clxx-ward
W136,Devastating Holda Street,_:fictional/place/devastating-holda-street,_:typeof/fictional-place,_:fictional/place/cy-clxx-ward
W137,Convex Justitia Street,_:fictional/place/convex-justitia-street,_:typeof/fictional-place,_:fictional/place/cy-clxx-ward
W138,Pitching Bali Street,_:fictional/place/pitching-bali-street,_:typeof/fictional-place,_:fictional/place/cy-clxx-ward
W139,Chirping Ottilia Street,_:fictional/place/chirping-ottilia-street,_:typeof/fictional-place,_:fictional/place/cy-clxx-ward
W140,Lifted Amneris Street,_:fictional/place/lifted-amneris-street,_:typeof/fictional-place,_:fictional/place/cy-clxx-ward
W141,Meaningful Tatjana Street,_:fictional/place/meaningful-tatjana-street,_:typeof/fictional-place,_:fictional/place/cy-clxx-ward
W142,Freckled Libussa Street,_:fictional/place/freckled-libussa-street,_:typeof/fictional-place,_:fictional/place/cy-clxx-ward
W143,Posed Chlosinde Street,_:fictional/place/posed-chlosinde-street,_:typeof/fictional-place,_:fictional/place/cy-clxx-ward
W144,Positive Admete Street,_:fictional/place/positive-admete-street,_:typeof/fictional-place,_:fictional/place/cy-clxx-ward
W145,Fitted Campania Street,_:fictional/place/fitted-campania-street,_:typeof/fictional-place,_:fictional/place/cy-clxx-ward
W146,Sprung Bohlinia Street,_:fictional/place/sprung-bohlinia-street,_:typeof/fictional-place,_:fictional/place/cy-clxx-ward
W147,Unremitting Erida Street,_:fictional/place/unremitting-erida-street,_:typeof/fictional-place,_:fictional/place/cy-clxx-ward
W148,Muscled Walpurga Street,_:fictional/place/muscled-walpurga-street,_:typeof/fictional-place,_:fictional/place/cy-clxx-ward
W149,Contaminated Persephone Street,_:fictional/place/contaminated-persephone-street,_:typeof/fictional-place,_:fictional/place/cy-clxx-ward
W150,Entangled Vienna Street,_:fictional/place/entangled-vienna-street,_:typeof/fictional-place,_:fictional/place/cy-clxx-ward
W151,Doing Eudora Street,_:fictional/place/doing-eudora-street,_:typeof/fictional-place,_:fictional/place/cy-clxx-ward
W152,Unsafe Chloe Street,_:fictional/place/unsafe-chloe-street,_:typeof/fictional-place,_:fictional/place/cy-clxx-ward
W153,Lessening Isberga Street,_:fictional/place/lessening-isberga-street,_:typeof/fictional-place,_:fictional/place/cy-clxx-ward
W154,Signed Melusina Street,_:fictional/place/signed-melusina-street,_:typeof/fictional-place,_:fictional/place/cy-clxx-ward
W155,Doctrinal Lova Street,_:fictional/place/doctrinal-lova-street,_:typeof/fictional-place,_:fictional/place/cy-clxx-ward
W156,Multidisciplinary Lalage Street,_:fictional/place/multidisciplinary-lalage-street,_:typeof/fictional-place,_:fictional/place/cy-clxx-ward
W157,Colloquial Emita Street,_:fictional/place/colloquial-emita-street,_:typeof/fictional-place,_:fictional/place/cy-clxx-ward
W158,Grande Ismene Street,_:fictional/place/grande-ismene-street,_:typeof/fictional-place,_:fictional/place/cy-clxx-ward
W159,Unsanitary Petrina Street,_:fictional/place/unsanitary-petrina-street,_:typeof/fictional-place,_:fictional/place/cy-clxx-ward
W160,Grammatical Phthia Street,_:fictional/place/grammatical-phthia-street,_:typeof/fictional-place,_:fictional/place/cy-clxx-ward
W161,Dissident Fidelio Street,_:fictional/place/dissident-fidelio-street,_:typeof/fictional-place,_:fictional/place/cy-clxx-ward
W162,Remorseless Sophia Street,_:fictional/place/remorseless-sophia-street,_:typeof/fictional-place,_:fictional/place/cy-clxx-ward
W163,Unreliable Loreley Street,_:fictional/place/unreliable-loreley-street,_:typeof/fictional-place,_:fictional/place/cy-clxx-ward
W164,Disparate Seppina Street,_:fictional/place/disparate-seppina-street,_:typeof/fictional-place,_:fictional/place/cy-clxx-ward
W165,Luxurious Kordula Street,_:fictional/place/luxurious-kordula-street,_:typeof/fictional-place,_:fictional/place/cy-clxx-ward
W166,Cathartic Kovacia Street,_:fictional/place/cathartic-kovacia-street,_:typeof/fictional-place,_:fictional/place/cy-clxx-ward
W167,Confederate Modestia Street,_:fictional/place/confederate-modestia-street,_:typeof/fictional-place,_:fictional/place/cy-clxx-ward
W168,Downbeat Adeona Street,_:fictional/place/downbeat-adeona-street,_:typeof/fictional-place,_:fictional/place/cy-clxx-ward
W169,Entire Kundry Street,_:fictional/place/entire-kundry-street,_:typeof/fictional-place,_:fictional/place/cy-clxx-ward
W170,Inking Hansa Street,_:fictional/place/inking-hansa-street,_:typeof/fictional-place,_:fictional/place/cy-clxx-ward
W171,Mastered Murray Street,_:fictional/place/mastered-murray-street,_:typeof/fictional-place,_:fictional/place/cy-clxx-ward
W172,Grateful Ada Street,_:fictional/place/grateful-ada-street,_:typeof/fictional-place,_:fictional/place/cy-clxx-ward
W173,Feathered Zubaida Street,_:fictional/place/feathered-zubaida-street,_:typeof/fictional-place,_:fictional/place/cy-clxx-ward
W174,Conceptual Senta Street,_:fictional/place/conceptual-senta-street,_:typeof/fictional-place,_:fictional/place/cy-clxx-ward
W175,Liberating Berkeley Street,_:fictional/place/liberating-berkeley-street,_:typeof/fictional-place,_:fictional/place/cy-clxx-ward
W176,Gratuitous Lacrimosa Street,_:fictional/place/gratuitous-lacrimosa-street,_:typeof/fictional-place,_:fictional/place/cy-clxx-ward
W177,Disheveled Cloelia Street,_:fictional/place/disheveled-cloelia-street,_:typeof/fictional-place,_:fictional/place/cy-clxx-ward
W178,Carefree Portlandia Street,_:fictional/place/carefree-portlandia-street,_:typeof/fictional-place,_:fictional/place/cy-clxx-ward
W179,Grudging Jetta Street,_:fictional/place/grudging-jetta-street,_:typeof/fictional-place,_:fictional/place/cy-clxx-ward
W180,Lightest Wisibada Street,_:fictional/place/lightest-wisibada-street,_:typeof/fictional-place,_:fictional/place/cy-clxx-ward
W181,Unsupervised Lumen Street,_:fictional/place/unsupervised-lumen-street,_:typeof/fictional-place,_:fictional/place/cy-clxx-ward
W182,Possible Vanadis Street,_:fictional/place/possible-vanadis-street,_:typeof/fictional-place,_:fictional/place/cy-clxx-ward
W183,Unsealed Regina Street,_:fictional/place/unsealed-regina-street,_:typeof/fictional-place,_:fictional/place/cy-clxx-ward
W184,Materialistic Asteria Street,_:fictional/place/materialistic-asteria-street,_:typeof/fictional-place,_:fictional/place/cy-clxx-ward
W185,Untimely Alma Street,_:fictional/place/untimely-alma-street,_:typeof/fictional-place,_:fictional/place/cy-clxx-ward
W186,Laughable Amalia Street,_:fictional/place/laughable-amalia-street,_:typeof/fictional-place,_:fictional/place/cy-clxx-ward
W187,Magazine Newtonia Street,_:fictional/place/magazine-newtonia-street,_:typeof/fictional-place,_:fictional/place/cy-clxx-ward
W188,Intern Juewa Street,_:fictional/place/intern-juewa-street,_:typeof/fictional-place,_:fictional/place/cy-clxx-ward
W189,Squint Wilhelmina Street,_:fictional/place/squint-wilhelmina-street,_:typeof/fictional-place,_:fictional/place/cy-clxx-ward
W190,Low-carb Taurinensis Street,_:fictional/place/low-carb-taurinensis-street,_:typeof/fictional-place,_:fictional/place/cy-clxx-ward
W191,Candied Nolli Street,_:fictional/place/candied-nolli-street,_:typeof/fictional-place,_:fictional/place/cy-clxx-ward
W192,Torrent Veronika Street,_:fictional/place/torrent-veronika-street,_:typeof/fictional-place,_:fictional/place/cy-clxx-ward
W193,Subjugated Gerlinde Street,_:fictional/place/subjugated-gerlinde-street,_:typeof/fictional-place,_:fictional/place/cy-clxx-ward
W194,Networked Charlotte Street,_:fictional/place/networked-charlotte-street,_:typeof/fictional-place,_:fictional/place/cy-clxx-ward
W195,Reminiscent Oceana Street,_:fictional/place/reminiscent-oceana-street,_:typeof/fictional-place,_:fictional/place/cy-clxx-ward
W196,Renewable Hidalgo Street,_:fictional/place/renewable-hidalgo-street,_:typeof/fictional-place,_:fictional/place/cy-clxx-ward
W197,Long-held Mabella Street,_:fictional/place/long-held-mabella-street,_:typeof/fictional-place,_:fictional/place/cy-clxx-ward
W198,Indigo Lioba Street,_:fictional/place/indigo-lioba-street,_:typeof/fictional-place,_:fictional/place/cy-clxx-ward
W199,Blue-collar Romilda Street,_:fictional/place/blue-collar-romilda-street,_:typeof/fictional-place,_:fictional/place/cy-clxx-ward
W200,Burial Beagle Street,_:fictional/place/burial-beagle-street,_:typeof/fictional-place,_:fictional/place/cy-clxx-ward
W201,Diffused Aase Street,_:fictional/place/diffused-aase-street,_:typeof/fictional-place,_:fictional/place/cy-clxx-ward
W202,Journalistic Pamina Street,_:fictional/place/journalistic-pamina-street,_:typeof/fictional-place,_:fictional/place/cy-clxx-ward
W203,Stainless Hertha Street,_:fictional/place/stainless-hertha-street,_:typeof/fictional-place,_:fictional/place/cy-clxx-ward
W204,Determined Camelia Street,_:fictional/place/determined-camelia-street,_:typeof/fictional-place,_:fictional/place/cy-clxx-ward
W205,Folic Austria Street,_:fictional/place/folic-austria-street,_:typeof/fictional-place,_:fictional/place/cy-clxx-ward
W206,Succeeding Transvaalia Street,_:fictional/place/succeeding-transvaalia-street,_:typeof/fictional-place,_:fictional/place/cy-clxx-ward
W207,Spineless Myrrha Street,_:fictional/place/spineless-myrrha-street,_:typeof/fictional-place,_:fictional/place/cy-clxx-ward
W208,Telepathic Stephania Street,_:fictional/place/telepathic-stephania-street,_:typeof/fictional-place,_:fictional/place/cy-clxx-ward
W209,Blocked Benkoela Street,_:fictional/place/blocked-benkoela-street,_:typeof/fictional-place,_:fictional/place/cy-clxx-ward
W210,Bungling Evelyn Street,_:fictional/place/bungling-evelyn-street,_:typeof/fictional-place,_:fictional/place/cy-clxx-ward
W211,Convertible Newcombia Street,_:fictional/place/convertible-newcombia-street,_:typeof/fictional-place,_:fictional/place/cy-clxx-ward
W212,Cooked Montague Avenue,_:fictional/place/cooked-montague-avenue,_:typeof/fictional-place,_:fictional/place/cy-clxx-ward
W213,Uppity Selinur Street,_:fictional/place/uppity-selinur-street,_:typeof/fictional-place,_:fictional/place/cy-clxx-ward
W214,Locked Malabar Street,_:fictional/place/locked-malabar-street,_:typeof/fictional-place,_:fictional/place/cy-clxx-ward
W215,Unwrapped Prymno Street,_:fictional/place/unwrapped-prymno-street,_:typeof/fictional-place,_:fictional/place/cy-clxx-ward
W216,Lobster Berenike Street,_:fictional/place/lobster-berenike-street,_:typeof/fictional-place,_:fictional/place/cy-clxx-ward
W217,Insidious Begonia Street,_:fictional/place/insidious-begonia-street,_:typeof/fictional-place,_:fictional/place/cy-clxx-ward
W218,Morbid Elektra Street,_:fictional/place/morbid-elektra-street,_:typeof/fictional-place,_:fictional/place/cy-clxx-ward
W219,Philosophical Sulamitis Street,_:fictional/place/philosophical-sulamitis-street,_:typeof/fictional-place,_:fictional/place/cy-clxx-ward
W220,Unwary Herculina Street,_:fictional/place/unwary-herculina-street,_:typeof/fictional-place,_:fictional/place/cy-clxx-ward
W221,Dread Frostia Street,_:fictional/place/dread-frostia-street,_:typeof/fictional-place,_:fictional/place/cy-clxx-ward
W222,Limitless Barnardiana Street,_:fictional/place/limitless-barnardiana-street,_:typeof/fictional-place,_:fictional/place/cy-clxx-ward
W223,Petrochemical Barcelona Street,_:fictional/place/petrochemical-barcelona-street,_:typeof/fictional-place,_:fictional/place/cy-clxx-ward
W224,Improbable Bononia Street,_:fictional/place/improbable-bononia-street,_:typeof/fictional-place,_:fictional/place/cy-clxx-ward
W225,Cleansed Hersilia Street,_:fictional/place/cleansed-hersilia-street,_:typeof/fictional-place,_:fictional/place/cy-clxx-ward
W226,Irritate Steina Street,_:fictional/place/irritate-steina-street,_:typeof/fictional-place,_:fictional/place/cy-clxx-ward
W227,Deodorant Hirundo Street,_:fictional/place/deodorant-hirundo-street,_:typeof/fictional-place,_:fictional/place/cy-clxx-ward
W228,Broker Johanna Street,_:fictional/place/broker-johanna-street,_:typeof/fictional-place,_:fictional/place/cy-clxx-ward
W229,Broiled Nansenia Street,_:fictional/place/broiled-nansenia-street,_:typeof/fictional-place,_:fictional/place/cy-clxx-ward
W230,Useless Agnia Street,_:fictional/place/useless-agnia-street,_:typeof/fictional-place,_:fictional/place/cy-clxx-ward
W231,Upstart Naema Street,_:fictional/place/upstart-naema-street,_:typeof/fictional-place,_:fictional/place/cy-clxx-ward
W232,Swarthy Centesima Street,_:fictional/place/swarthy-centesima-street,_:typeof/fictional-place,_:fictional/place/cy-clxx-ward
W233,Irresolute Denise Street,_:fictional/place/irresolute-denise-street,_:typeof/fictional-place,_:fictional/place/cy-clxx-ward
W234,Freakish Dejopeja Street,_:fictional/place/freakish-dejopeja-street,_:typeof/fictional-place,_:fictional/place/cy-clxx-ward
W235,Defective Kastalia Street,_:fictional/place/defective-kastalia-street,_:typeof/fictional-place,_:fictional/place/cy-clxx-ward
W236,Brimstone Edisona Street,_:fictional/place/brimstone-edisona-street,_:typeof/fictional-place,_:fictional/place/cy-clxx-ward
W237,Fresh Laodica Street,_:fictional/place/fresh-laodica-street,_:typeof/fictional-place,_:fictional/place/cy-clxx-ward
W238,Jealous Desdemona Street,_:fictional/place/jealous-desdemona-street,_:typeof/fictional-place,_:fictional/place/cy-clxx-ward
W239,Valiant Barbara Street,_:fictional/place/valiant-barbara-street,_:typeof/fictional-place,_:fictional/place/cy-clxx-ward
W240,Liver Cosima Street,_:fictional/place/liver-cosima-street,_:typeof/fictional-place,_:fictional/place/cy-clxx-ward
W241,Timid Monachia Street,_:fictional/place/timid-monachia-street,_:typeof/fictional-place,_:fictional/place/cy-clxx-ward
W242,Foul-mouthed Xanthippe Street,_:fictional/place/foul-mouthed-xanthippe-street,_:typeof/fictional-place,_:fictional/place/cy-clxx-ward
W243,Decreased Comacina Street,_:fictional/place/decreased-comacina-street,_:typeof/fictional-place,_:fictional/place/cy-clxx-ward
W244,Redeemable Iolanda Street,_:fictional/place/redeemable-iolanda-street,_:typeof/fictional-place,_:fictional/place/cy-clxx-ward
W245,Perplexed Ottegebe Street,_:fictional/place/perplexed-ottegebe-street,_:typeof/fictional-place,_:fictional/place/cy-clxx-ward
W246,Inheriting Monterosa Street,_:fictional/place/inheriting-monterosa-street,_:typeof/fictional-place,_:fictional/place/cy-clxx-ward
W247,Banned Annika Street,_:fictional/place/banned-annika-street,_:typeof/fictional-place,_:fictional/place/cy-clxx-ward
W248,Picturesque Poesia Street,_:fictional/place/picturesque-poesia-street,_:typeof/fictional-place,_:fictional/place/cy-clxx-ward
W249,Misshapen Baumeia Street,_:fictional/place/misshapen-baumeia-street,_:typeof/fictional-place,_:fictional/place/cy-clxx-ward
W250,Cardinal Diotima Street,_:fictional/place/cardinal-diotima-street,_:typeof/fictional-place,_:fictional/place/cy-clxx-ward
W251,Formulaic Atala Street,_:fictional/place/formulaic-atala-street,_:typeof/fictional-place,_:fictional/place/cy-clxx-ward
W252,Valid Gratia Street,_:fictional/place/valid-gratia-street,_:typeof/fictional-place,_:fictional/place/cy-clxx-ward
W253,Formative Abundantia Street,_:fictional/place/formative-abundantia-street,_:typeof/fictional-place,_:fictional/place/cy-clxx-ward
W254,Culminate Cremona Street,_:fictional/place/culminate-cremona-street,_:typeof/fictional-place,_:fictional/place/cy-clxx-ward
W255,Regal Eurykleia Street,_:fictional/place/regal-eurykleia-street,_:typeof/fictional-place,_:fictional/place/cy-clxx-ward
W256,Reflecting Jucunda Street,_:fictional/place/reflecting-jucunda-street,_:typeof/fictional-place,_:fictional/place/cy-clxx-ward
W257,Brazen Latona Street,_:fictional/place/brazen-latona-street,_:typeof/fictional-place,_:fictional/place/cy-clxx-ward
W258,Dandy Althaea Street,_:fictional/place/dandy-althaea-street,_:typeof/fictional-place,_:fictional/place/cy-clxx-ward
W259,Valued Ahrensa Street,_:fictional/place/valued-ahrensa-street,_:typeof/fictional-place,_:fictional/place/cy-clxx-ward
W260,Timely Leontina Street,_:fictional/place/timely-leontina-street,_:typeof/fictional-place,_:fictional/place/cy-clxx-ward
W261,Timed Bamberga Street,_:fictional/place/timed-bamberga-street,_:typeof/fictional-place,_:fictional/place/cy-clxx-ward
W262,Intemperate Joella Street,_:fictional/place/intemperate-joella-street,_:typeof/fictional-place,_:fictional/place/cy-clxx-ward
W263,Contraceptive Tergeste Street,_:fictional/place/contraceptive-tergeste-street,_:typeof/fictional-place,_:fictional/place/cy-clxx-ward
W264,Combined Nausikaa Street,_:fictional/place/combined-nausikaa-street,_:typeof/fictional-place,_:fictional/place/cy-clxx-ward
W265,Comely Nicolaia Street,_:fictional/place/comely-nicolaia-street,_:typeof/fictional-place,_:fictional/place/cy-clxx-ward
W266,Doable Gryphia Street,_:fictional/place/doable-gryphia-street,_:typeof/fictional-place,_:fictional/place/cy-clxx-ward
W267,Penal Kerstin Street,_:fictional/place/penal-kerstin-street,_:typeof/fictional-place,_:fictional/place/cy-clxx-ward
W268,Strengthened Jubilatrix Street,_:fictional/place/strengthened-jubilatrix-street,_:typeof/fictional-place,_:fictional/place/cy-clxx-ward
W269,Consequential Gaspra Avenue,_:fictional/place/consequential-gaspra-avenue,_:typeof/fictional-place,_:fictional/place/cy-clxx-ward
